{
	"$schema": "https://raw.githubusercontent.com/martinring/tmlanguage/master/tmlanguage.json",
	"name": "MBC Assembly",
	"patterns": [
		{
			"include": "#comments"
		},
		{
			"include": "#keywords"
		},
		{
			"include": "#expression"
		}
	],
	"repository": {
		"comments": {
			"patterns": [{
				"begin": "#",
				"beginCaptures": {
					"0": {
						"name": "punctuation.definition.comment.mbcasm"
					}
				},
				"end": "\\n",
				"name": "comment.line.number-sign.mbcasm"
			}]
		},
		"keywords": {
			"patterns": [
				{
					"name": "keyword.loop.mbcasm",
					"match": "(?i)\\b(while_eqf|while_neqf|while_ltf|while_gtf|while_ltef|while_gtef|while_eqi|while_neqi|while_lti|while_gti|while_ltei|while_gtei|break|endwhile)\\b"
				},
				{
					"name": "keyword.condition.mbcasm",
					"match": "(?i)\\b(if_eqf|if_neqf|if_ltf|if_gtf|if_ltef|if_gtef|if_eqi|if_neqi|if_lti|if_gti|if_ltei|if_gtei|if_truef|if_falsef|if_truei|if_falsei|else|endif)\\b"
				}
			]
		},
		"expression": {
			"patterns": [
				{
					"name": "entity.name.class.mbcasm",
					"match": "(?i)\\b(func|call|ret|stop)\\b"
				},
				{
					"name": "variable.name.register.mbcasm",
					"match": "(?i)\\b(regf|regi|clearregf|clearregi)\\b"
				},
				{
					"name": "entity.name.function.math.mbcasm",
					"match": "(?i)\\b(incf|inci|addf|subf|mulf|divf|absf|addi|subi|muli|divi|absi)\\b"
				},
				{
					"name": "entity.name.function.getter.mbcasm",
					"match": "(?i)\\b(get_frameseconds|get_playerpositionleft|get_playerpositiontop|get_playervelocityx|get_playervelocityy|get_playerdirection|get_playerhealth|get_playermaxhealth|get_playermovementtype|get_playerdamageseconds|get_playerisinvulnerable|get_playerisknockedback|get_playerknockbackseconds|get_playerknockbackvelocity|get_positionleft|get_positiontop|get_velocityx|get_velocityy|get_direction|get_health|get_maxhealth|get_movementtype|get_damageseconds|get_isinvulnerable|get_isknockedback|get_knockbackseconds|get_knockbackvelocity|get_arenaentitycount|get_arenaentitytype|get_arenaentitypositionleft|get_arenaentitypositiontop|get_arenaentityvelocityx|get_arenaentityvelocityy|get_arenaentitydirection|get_arenaentityhealth|get_arenaentitymaxhealth|get_arenaentitymovementtype|get_arenaentitydamageseconds|get_arenaentityisinvulnerable|get_arenaentityisknockedback|get_arenaentityknockbackseconds|get_arenaentityknockbackvelocity|get_randomfloat|get_randomint)\\b"
				},
				{
					"name": "entity.name.function.setter.mbcasm",
					"match": "(?i)\\b(set_velocityx|set_velocityy|set_direction)\\b"
				},
				{
					"name": "entity.name.function.doer.mbcasm",
					"match": "(?i)\\b(shoot|shoottarget)\\b"
				}
			]
		}
	},
	"scopeName": "source.mbcasm"
}